<?xml version="1.0" encoding="utf-8"?>
<ode><userPreferences><userPreference><key>theme</key><value>base</value></userPreference></userPreferences><odeResources><odeResource><key>odeVersionId</key><value>20260104063622HYWOZN</value></odeResource><odeResource><key>odeId</key><value>20251231164416CBADWA</value></odeResource><odeResource><key>odeVersionName</key><value>0</value></odeResource><odeResource><key>isDownload</key><value>true</value></odeResource></odeResources><odeProperties><odeProperty><key>pp_title</key><value>UI/UX and Navigation Design using eXeLearning</value></odeProperty><odeProperty><key>pp_lang</key><value>en</value></odeProperty><odeProperty><key>pp_author</key><value>Madeline Jasminez</value></odeProperty><odeProperty><key>license</key><value>creative commons: attribution - share alike 4.0</value></odeProperty><odeProperty><key>pp_description</key><value>An interactive, menu-based lesson designed using eXeLearning focusing on user interface, navigation, and usability principles.</value></odeProperty><odeProperty><key>exportSource</key><value>true</value></odeProperty><odeProperty><key>pp_addExeLink</key><value>true</value></odeProperty><odeProperty><key>pp_exportElp</key><value>false</value></odeProperty><odeProperty><key>pp_addPagination</key><value>false</value></odeProperty><odeProperty><key>pp_addSearchBox</key><value>false</value></odeProperty><odeProperty><key>pp_addAccessibilityToolbar</key><value>false</value></odeProperty><odeProperty><key>pp_extraHeadContent</key><value/></odeProperty><odeProperty><key>footer</key><value/></odeProperty></odeProperties><odeNavStructures><odeNavStructure><odePageId>20260104063622PGAVZD</odePageId><odeParentPageId/><pageName>Home / Menu</pageName><odeNavStructureOrder>1</odeNavStructureOrder><odeNavStructureProperties><odeNavStructureProperty><key>titleNode</key><value>Home / Menu</value></odeNavStructureProperty><odeNavStructureProperty><key>titleHtml</key><value/></odeNavStructureProperty><odeNavStructureProperty><key>editableInPage</key><value>false</value></odeNavStructureProperty><odeNavStructureProperty><key>titlePage</key><value>Home / Menu</value></odeNavStructureProperty><odeNavStructureProperty><key>visibility</key><value>true</value></odeNavStructureProperty><odeNavStructureProperty><key>description</key><value/></odeNavStructureProperty></odeNavStructureProperties><odePagStructures><odePagStructure><odePageId>20260104063622PGAVZD</odePageId><odeBlockId>20260104063622SSQBHE</odeBlockId><blockName>Welcome to this interactive lesson. In this module, you will explore the basics of User Interface (UI), Navigation Design, and Usability Testing in eLearning authorware. Please select a topic below to continue.</blockName><iconName>book</iconName><odePagStructureOrder>1</odePagStructureOrder><odePagStructureProperties><odePagStructureProperty><key>visibility</key><value>true</value></odePagStructureProperty><odePagStructureProperty><key>teacherOnly</key><value>false</value></odePagStructureProperty><odePagStructureProperty><key>allowToggle</key><value>true</value></odePagStructureProperty><odePagStructureProperty><key>minimized</key><value>false</value></odePagStructureProperty><odePagStructureProperty><key>identifier</key><value/></odePagStructureProperty><odePagStructureProperty><key>cssClass</key><value/></odePagStructureProperty></odePagStructureProperties><odeComponents><odeComponent><odePageId>20260104063622PGAVZD</odePageId><odeBlockId>20260104063622SSQBHE</odeBlockId><odeIdeviceId>20260102205214976LAX</odeIdeviceId><odeIdeviceTypeName>text</odeIdeviceTypeName><htmlView>&lt;div class="exe-text-template"&gt;&lt;div class="textIdeviceContent"&gt;
            &lt;div class="exe-text-activity"&gt;
                &lt;div&gt;&lt;p&gt;Welcome to the lesson.&lt;/p&gt;
&lt;p&gt;Please select a topic below to continue:&lt;/p&gt;
&lt;p&gt;• &lt;a href="exe-node:20260104063622ELOOXT" id="link_0" title=""&gt;Topic 1 – User Interface Design&lt;/a&gt;&lt;br&gt;• &lt;a href="exe-node:20260104063622RGCYTQ"&gt;Topic 2 – Navigation Design&lt;/a&gt;&lt;br&gt;• &lt;a href="exe-node:20260104063622HLIETB"&gt;Topic 3 – Usability Testing&lt;/a&gt;&lt;br&gt;&lt;/p&gt;&lt;p class="clearfix"&gt;&lt;/p&gt;&lt;/div&gt;
            &lt;/div&gt;&lt;/div&gt;&lt;/div&gt;</htmlView><jsonProperties>{"ideviceId":"20260102205214976LAX","textInfoDurationInput":"","textInfoDurationTextInput":"Duration","textInfoParticipantsInput":"","textInfoParticipantsTextInput":"Grouping","textTextarea":"&lt;p&gt;Welcome to the lesson.&lt;/p&gt;\n&lt;p&gt;Please select a topic below to continue:&lt;/p&gt;\n&lt;p&gt;• &lt;a href=\"exe-node:20260104063622ELOOXT\" id=\"link_0\" title=\"\"&gt;Topic 1 – User Interface Design&lt;/a&gt;&lt;br /&gt;• &lt;a href=\"exe-node:20260104063622RGCYTQ\"&gt;Topic 2 – Navigation Design&lt;/a&gt;&lt;br /&gt;• &lt;a href=\"exe-node:20260104063622HLIETB\"&gt;Topic 3 – Usability Testing&lt;/a&gt;&lt;br /&gt;&lt;/p&gt;","textFeedbackInput":"Show Feedback","textFeedbackTextarea":""}</jsonProperties><odeComponentsOrder>1</odeComponentsOrder><odeComponentsProperties><odeComponentsProperty><key>visibility</key><value>true</value></odeComponentsProperty><odeComponentsProperty><key>teacherOnly</key><value>false</value></odeComponentsProperty><odeComponentsProperty><key>identifier</key><value/></odeComponentsProperty><odeComponentsProperty><key>cssClass</key><value/></odeComponentsProperty></odeComponentsProperties></odeComponent></odeComponents></odePagStructure><odePagStructure><odePageId>20260104063622PGAVZD</odePageId><odeBlockId>20260104063622EZGGVP</odeBlockId><blockName>Let's Check your Knowledge</blockName><iconName>observe</iconName><odePagStructureOrder>2</odePagStructureOrder><odePagStructureProperties><odePagStructureProperty><key>visibility</key><value>true</value></odePagStructureProperty><odePagStructureProperty><key>teacherOnly</key><value>false</value></odePagStructureProperty><odePagStructureProperty><key>allowToggle</key><value>true</value></odePagStructureProperty><odePagStructureProperty><key>minimized</key><value>false</value></odePagStructureProperty><odePagStructureProperty><key>identifier</key><value/></odePagStructureProperty><odePagStructureProperty><key>cssClass</key><value/></odePagStructureProperty></odePagStructureProperties><odeComponents><odeComponent><odePageId>20260104063622PGAVZD</odePageId><odeBlockId>20260104063622EZGGVP</odeBlockId><odeIdeviceId>20260104115806851FBJ</odeIdeviceId><odeIdeviceTypeName>az-quiz-game</odeIdeviceTypeName><htmlView>&lt;div class="rosco-IDevice"&gt;&lt;div class="game-evaluation-ids js-hidden" data-id="20260104115806851FBJ" data-evaluationb="false" data-evaluationid="20251231164416CBADWA"&gt;&lt;/div&gt;&lt;div class="rosco-version js-hidden"&gt;2&lt;/div&gt;&lt;div class="rosco-instructions"&gt;&lt;p&gt;Read each definition carefully. Type the correct term that starts with or contains the given letter. Check your spelling before submitting.&lt;br /&gt;&lt;/p&gt;&lt;/div&gt;&lt;div class="rosco-DataGame js-hidden"&gt;%E9%B0%E6%EB%E2%F7%D5%F3%FF%F7%B0%A8%B0%C0%FD%E1%F1%FD%B0%BE%B0%FB%FC%E1%E6%E0%E7%F1%E6%FB%FD%FC%E1%B0%A8%B0%AE%E2%AC%C0%F7%F3%F6%B2%F7%F3%F1%FA%B2%F6%F7%F4%FB%FC%FB%E6%FB%FD%FC%B2%F1%F3%E0%F7%F4%E7%FE%FE%EB%BC%B2%C6%EB%E2%F7%B2%E6%FA%F7%B2%F1%FD%E0%E0%F7%F1%E6%B2%E6%F7%E0%FF%B2%E6%FA%F3%E6%B2%E1%E6%F3%E0%E6%E1%B2%E5%FB%E6%FA%B2%FD%E0%B2%F1%FD%FC%E6%F3%FB%FC%E1%B2%E6%FA%F7%B2%F5%FB%E4%F7%FC%B2%FE%F7%E6%E6%F7%E0%BC%B2%D1%FA%F7%F1%F9%B2%EB%FD%E7%E0%B2%E1%E2%F7%FE%FE%FB%FC%F5%B2%F0%F7%F4%FD%E0%F7%B2%E1%E7%F0%FF%FB%E6%E6%FB%FC%F5%BC%AE%F0%E0%B2%BD%AC%AE%BD%E2%AC%B0%BE%B0%E6%FB%FF%F7%C1%FA%FD%E5%C1%FD%FE%E7%E6%FB%FD%FC%B0%A8%A1%BE%B0%F6%E7%E0%F3%E6%FB%FD%FC%D5%F3%FF%F7%B0%A8%A3%A0%A2%BE%B0%FC%E7%FF%F0%F7%E0%C6%E7%E0%FC%E1%B0%A8%A3%BE%B0%E1%FA%FD%E5%C1%FD%FE%E7%E6%FB%FD%FC%B0%A8%E6%E0%E7%F7%BE%B0%E1%FA%FD%E5%DF%FB%FC%FB%FF%FB%E8%F7%B0%A8%F4%F3%FE%E1%F7%BE%B0%FB%E6%FB%FC%F7%E0%F3%E0%EB%B0%A8%E9%B0%E1%FA%FD%E5%D1%FE%E7%F7%B0%A8%F4%F3%FE%E1%F7%BE%B0%F1%FE%E7%F7%D5%F3%FF%F7%B0%A8%B0%B0%BE%B0%E2%F7%E0%F1%F7%FC%E6%F3%F5%F7%D1%FE%E7%F7%B0%A8%A6%A2%BE%B0%E1%FA%FD%E5%D1%FD%F6%F7%D3%F1%F1%F7%E1%E1%B0%A8%F4%F3%FE%E1%F7%BE%B0%F1%FD%F6%F7%D3%F1%F1%F7%E1%E1%B0%A8%B0%B0%BE%B0%FF%F7%E1%E1%F3%F5%F7%D1%FD%F6%F7%D3%F1%F1%F7%E1%E1%B0%A8%B0%B0%EF%BE%B0%E5%FD%E0%F6%E1%D5%F3%FF%F7%B0%A8%C9%E9%B0%FE%F7%E6%E6%F7%E0%B0%A8%B0%D3%B0%BE%B0%E5%FD%E0%F6%B0%A8%B0%D3%D6%D6%DB%D7%B0%BE%B0%F6%F7%F4%FB%FC%FB%E6%FB%FD%FC%B0%A8%B0%D3%FC%B2%FB%FC%E1%E6%E0%E7%F1%E6%FB%FD%FC%F3%FE%B2%F6%F7%E1%FB%F5%FC%B2%FF%FD%F6%F7%FE%B2%F1%FD%FC%E1%FB%E1%E6%FB%FC%F5%B2%FD%F4%B2%D3%FC%F3%FE%EB%E8%F7%BE%B2%D6%F7%E1%FB%F5%FC%BE%B2%D6%F7%E4%F7%FE%FD%E2%BE%B2%DB%FF%E2%FE%F7%FF%F7%FC%E6%BE%B2%F3%FC%F6%B2%D7%E4%F3%FE%E7%F3%E6%F7%BC%B0%BE%B0%E6%EB%E2%F7%B0%A8%A2%BE%B0%F3%FE%E6%B0%A8%B0%B0%BE%B0%F3%E7%E6%FA%FD%E0%B0%A8%B0%B0%BE%B0%E7%E0%FE%B0%A8%B0%B0%BE%B0%F3%E7%F6%FB%FD%B0%A8%B0%B0%BE%B0%EA%B0%A8%A2%BE%B0%EB%B0%A8%A2%EF%BE%E9%B0%FE%F7%E6%E6%F7%E0%B0%A8%B0%D0%B0%BE%B0%E5%FD%E0%F6%B0%A8%B0%D0%D7%DA%D3%C4%DB%DD%C0%DB%C1%DF%B0%BE%B0%F6%F7%F4%FB%FC%FB%E6%FB%FD%FC%B0%A8%B0%D3%B2%FE%F7%F3%E0%FC%FB%FC%F5%B2%E6%FA%F7%FD%E0%EB%B2%F4%FD%F1%E7%E1%FB%FC%F5%B2%FD%FC%B2%FD%F0%E1%F7%E0%E4%F3%F0%FE%F7%B2%F0%F7%FA%F3%E4%FB%FD%E0%BC%B0%BE%B0%E6%EB%E2%F7%B0%A8%A2%BE%B0%F3%FE%E6%B0%A8%B0%B0%BE%B0%F3%E7%E6%FA%FD%E0%B0%A8%B0%B0%BE%B0%E7%E0%FE%B0%A8%B0%B0%BE%B0%F3%E7%F6%FB%FD%B0%A8%B0%B0%BE%B0%EA%B0%A8%A2%BE%B0%EB%B0%A8%A2%EF%BE%E9%B0%FE%F7%E6%E6%F7%E0%B0%A8%B0%D1%B0%BE%B0%E5%FD%E0%F6%B0%A8%B0%D1%DD%D5%DC%DB%C6%DB%C4%D7%B2%DE%DD%D3%D6%B0%BE%B0%F6%F7%F4%FB%FC%FB%E6%FB%FD%FC%B0%A8%B0%C6%FA%F7%B2%F3%FF%FD%E7%FC%E6%B2%FD%F4%B2%FF%F7%FC%E6%F3%FE%B2%F7%F4%F4%FD%E0%E6%B2%E7%E1%F7%F6%B2%FB%FC%B2%E5%FD%E0%F9%FB%FC%F5%B2%FF%F7%FF%FD%E0%EB%B0%BE%B0%E6%EB%E2%F7%B0%A8%A2%BE%B0%F3%FE%E6%B0%A8%B0%B0%BE%B0%F3%E7%E6%FA%FD%E0%B0%A8%B0%B0%BE%B0%E7%E0%FE%B0%A8%B0%B0%BE%B0%F3%E7%F6%FB%FD%B0%A8%B0%B0%BE%B0%EA%B0%A8%A2%BE%B0%EB%B0%A8%A2%EF%BE%E9%B0%FE%F7%E6%E6%F7%E0%B0%A8%B0%D6%B0%BE%B0%E5%FD%E0%F6%B0%A8%B0%B0%BE%B0%F6%F7%F4%FB%FC%FB%E6%FB%FD%FC%B0%A8%B0%B0%BE%B0%E6%EB%E2%F7%B0%A8%A2%BE%B0%F3%FE%E6%B0%A8%B0%B0%BE%B0%F3%E7%E6%FA%FD%E0%B0%A8%B0%B0%BE%B0%E7%E0%FE%B0%A8%B0%B0%BE%B0%F3%E7%F6%FB%FD%B0%A8%B0%B0%BE%B0%EA%B0%A8%A2%BE%B0%EB%B0%A8%A2%EF%BE%E9%B0%FE%F7%E6%E6%F7%E0%B0%A8%B0%D7%B0%BE%B0%E5%FD%E0%F6%B0%A8%B0%B0%BE%B0%F6%F7%F4%FB%FC%FB%E6%FB%FD%FC%B0%A8%B0%B0%BE%B0%E6%EB%E2%F7%B0%A8%A2%BE%B0%F3%FE%E6%B0%A8%B0%B0%BE%B0%F3%E7%E6%FA%FD%E0%B0%A8%B0%B0%BE%B0%E7%E0%FE%B0%A8%B0%B0%BE%B0%F3%E7%F6%FB%FD%B0%A8%B0%B0%BE%B0%EA%B0%A8%A2%BE%B0%EB%B0%A8%A2%EF%BE%E9%B0%FE%F7%E6%E6%F7%E0%B0%A8%B0%D4%B0%BE%B0%E5%FD%E0%F6%B0%A8%B0%B0%BE%B0%F6%F7%F4%FB%FC%FB%E6%FB%FD%FC%B0%A8%B0%B0%BE%B0%E6%EB%E2%F7%B0%A8%A2%BE%B0%F3%FE%E6%B0%A8%B0%B0%BE%B0%F3%E7%E6%FA%FD%E0%B0%A8%B0%B0%BE%B0%E7%E0%FE%B0%A8%B0%B0%BE%B0%F3%E7%F6%FB%FD%B0%A8%B0%B0%BE%B0%EA%B0%A8%A2%BE%B0%EB%B0%A8%A2%EF%BE%E9%B0%FE%F7%E6%E6%F7%E0%B0%A8%B0%D5%B0%BE%B0%E5%FD%E0%F6%B0%A8%B0%B0%BE%B0%F6%F7%F4%FB%FC%FB%E6%FB%FD%FC%B0%A8%B0%B0%BE%B0%E6%EB%E2%F7%B0%A8%A2%BE%B0%F3%FE%E6%B0%A8%B0%B0%BE%B0%F3%E7%E6%FA%FD%E0%B0%A8%B0%B0%BE%B0%E7%E0%FE%B0%A8%B0%B0%BE%B0%F3%E7%F6%FB%FD%B0%A8%B0%B0%BE%B0%EA%B0%A8%A2%BE%B0%EB%B0%A8%A2%EF%BE%E9%B0%FE%F7%E6%E6%F7%E0%B0%A8%B0%DA%B0%BE%B0%E5%FD%E0%F6%B0%A8%B0%B0%BE%B0%F6%F7%F4%FB%FC%FB%E6%FB%FD%FC%B0%A8%B0%B0%BE%B0%E6%EB%E2%F7%B0%A8%A2%BE%B0%F3%FE%E6%B0%A8%B0%B0%BE%B0%F3%E7%E6%FA%FD%E0%B0%A8%B0%B0%BE%B0%E7%E0%FE%B0%A8%B0%B0%BE%B0%F3%E7%F6%FB%FD%B0%A8%B0%B0%BE%B0%EA%B0%A8%A2%BE%B0%EB%B0%A8%A2%EF%BE%E9%B0%FE%F7%E6%E6%F7%E0%B0%A8%B0%DB%B0%BE%B0%E5%FD%E0%F6%B0%A8%B0%B0%BE%B0%F6%F7%F4%FB%FC%FB%E6%FB%FD%FC%B0%A8%B0%B0%BE%B0%E6%EB%E2%F7%B0%A8%A2%BE%B0%F3%FE%E6%B0%A8%B0%B0%BE%B0%F3%E7%E6%FA%FD%E0%B0%A8%B0%B0%BE%B0%E7%E0%FE%B0%A8%B0%B0%BE%B0%F3%E7%F6%FB%FD%B0%A8%B0%B0%BE%B0%EA%B0%A8%A2%BE%B0%EB%B0%A8%A2%EF%BE%E9%B0%FE%F7%E6%E6%F7%E0%B0%A8%B0%D8%B0%BE%B0%E5%FD%E0%F6%B0%A8%B0%B0%BE%B0%F6%F7%F4%FB%FC%FB%E6%FB%FD%FC%B0%A8%B0%B0%BE%B0%E6%EB%E2%F7%B0%A8%A2%BE%B0%F3%FE%E6%B0%A8%B0%B0%BE%B0%F3%E7%E6%FA%FD%E0%B0%A8%B0%B0%BE%B0%E7%E0%FE%B0%A8%B0%B0%BE%B0%F3%E7%F6%FB%FD%B0%A8%B0%B0%BE%B0%EA%B0%A8%A2%BE%B0%EB%B0%A8%A2%EF%BE%E9%B0%FE%F7%E6%E6%F7%E0%B0%A8%B0%D9%B0%BE%B0%E5%FD%E0%F6%B0%A8%B0%B0%BE%B0%F6%F7%F4%FB%FC%FB%E6%FB%FD%FC%B0%A8%B0%B0%BE%B0%E6%EB%E2%F7%B0%A8%A2%BE%B0%F3%FE%E6%B0%A8%B0%B0%BE%B0%F3%E7%E6%FA%FD%E0%B0%A8%B0%B0%BE%B0%E7%E0%FE%B0%A8%B0%B0%BE%B0%F3%E7%F6%FB%FD%B0%A8%B0%B0%BE%B0%EA%B0%A8%A2%BE%B0%EB%B0%A8%A2%EF%BE%E9%B0%FE%F7%E6%E6%F7%E0%B0%A8%B0%DE%B0%BE%B0%E5%FD%E0%F6%B0%A8%B0%B0%BE%B0%F6%F7%F4%FB%FC%FB%E6%FB%FD%FC%B0%A8%B0%B0%BE%B0%E6%EB%E2%F7%B0%A8%A2%BE%B0%F3%FE%E6%B0%A8%B0%B0%BE%B0%F3%E7%E6%FA%FD%E0%B0%A8%B0%B0%BE%B0%E7%E0%FE%B0%A8%B0%B0%BE%B0%F3%E7%F6%FB%FD%B0%A8%B0%B0%BE%B0%EA%B0%A8%A2%BE%B0%EB%B0%A8%A2%EF%BE%E9%B0%FE%F7%E6%E6%F7%E0%B0%A8%B0%DF%B0%BE%B0%E5%FD%E0%F6%B0%A8%B0%DF%C7%DE%C6%DB%DF%D7%D6%DB%D3%B0%BE%B0%F6%F7%F4%FB%FC%FB%E6%FB%FD%FC%B0%A8%B0%C7%E1%F7%B2%FD%F4%B2%E6%F7%EA%E6%BE%B2%FB%FF%F3%F5%F7%E1%BE%B2%F3%E7%F6%FB%FD%BE%B2%F3%FC%F6%B2%E4%FB%F6%F7%FD%B2%F4%FD%E0%B2%FE%F7%F3%E0%FC%FB%FC%F5%B0%BE%B0%E6%EB%E2%F7%B0%A8%A2%BE%B0%F3%FE%E6%B0%A8%B0%B0%BE%B0%F3%E7%E6%FA%FD%E0%B0%A8%B0%B0%BE%B0%E7%E0%FE%B0%A8%B0%B0%BE%B0%F3%E7%F6%FB%FD%B0%A8%B0%B0%BE%B0%EA%B0%A8%A2%BE%B0%EB%B0%A8%A2%EF%BE%E9%B0%FE%F7%E6%E6%F7%E0%B0%A8%B0%DC%B0%BE%B0%E5%FD%E0%F6%B0%A8%B0%B0%BE%B0%F6%F7%F4%FB%FC%FB%E6%FB%FD%FC%B0%A8%B0%B0%BE%B0%E6%EB%E2%F7%B0%A8%A2%BE%B0%F3%FE%E6%B0%A8%B0%B0%BE%B0%F3%E7%E6%FA%FD%E0%B0%A8%B0%B0%BE%B0%E7%E0%FE%B0%A8%B0%B0%BE%B0%F3%E7%F6%FB%FD%B0%A8%B0%B0%BE%B0%EA%B0%A8%A2%BE%B0%EB%B0%A8%A2%EF%BE%E9%B0%FE%F7%E6%E6%F7%E0%B0%A8%B0%DD%B0%BE%B0%E5%FD%E0%F6%B0%A8%B0%B0%BE%B0%F6%F7%F4%FB%FC%FB%E6%FB%FD%FC%B0%A8%B0%B0%BE%B0%E6%EB%E2%F7%B0%A8%A2%BE%B0%F3%FE%E6%B0%A8%B0%B0%BE%B0%F3%E7%E6%FA%FD%E0%B0%A8%B0%B0%BE%B0%E7%E0%FE%B0%A8%B0%B0%BE%B0%F3%E7%F6%FB%FD%B0%A8%B0%B0%BE%B0%EA%B0%A8%A2%BE%B0%EB%B0%A8%A2%EF%BE%E9%B0%FE%F7%E6%E6%F7%E0%B0%A8%B0%C2%B0%BE%B0%E5%FD%E0%F6%B0%A8%B0%DA%D3%C2%C2%CB%B0%BE%B0%F6%F7%F4%FB%FC%FB%E6%FB%FD%FC%B0%A8%B0%D3%B2%E1%E6%F3%E6%F7%B2%FD%F4%B2%F7%FF%FD%E6%FB%FD%FC%B0%BE%B0%E6%EB%E2%F7%B0%A8%A3%BE%B0%F3%FE%E6%B0%A8%B0%B0%BE%B0%F3%E7%E6%FA%FD%E0%B0%A8%B0%B0%BE%B0%E7%E0%FE%B0%A8%B0%F4%FB%FE%F7%E1%BD%E6%FF%E2%BD%A0%A2%A0%A7%BD%A3%A0%BD%A1%A3%BD%A0%A2%A0%A7%A3%A0%A1%A3%A3%A4%A6%A6%A3%A4%C8%CA%DB%C7%D5%DB%BD%A0%A2%A0%A4%A2%A3%A2%A6%A3%A3%A7%AA%A2%A4%AA%A7%A3%D4%D0%D8%BD%BD%C1%FF%FB%FE%F7%EB%BC%E1%E4%F5%B0%BE%B0%F3%E7%F6%FB%FD%B0%A8%B0%B0%BE%B0%EA%B0%A8%A2%BE%B0%EB%B0%A8%A2%EF%BE%E9%B0%FE%F7%E6%E6%F7%E0%B0%A8%B0%C3%B0%BE%B0%E5%FD%E0%F6%B0%A8%B0%B0%BE%B0%F6%F7%F4%FB%FC%FB%E6%FB%FD%FC%B0%A8%B0%B0%BE%B0%E6%EB%E2%F7%B0%A8%A2%BE%B0%F3%FE%E6%B0%A8%B0%B0%BE%B0%F3%E7%E6%FA%FD%E0%B0%A8%B0%B0%BE%B0%E7%E0%FE%B0%A8%B0%B0%BE%B0%F3%E7%F6%FB%FD%B0%A8%B0%B0%BE%B0%EA%B0%A8%A2%BE%B0%EB%B0%A8%A2%EF%BE%E9%B0%FE%F7%E6%E6%F7%E0%B0%A8%B0%C0%B0%BE%B0%E5%FD%E0%F6%B0%A8%B0%B0%BE%B0%F6%F7%F4%FB%FC%FB%E6%FB%FD%FC%B0%A8%B0%B0%BE%B0%E6%EB%E2%F7%B0%A8%A2%BE%B0%F3%FE%E6%B0%A8%B0%B0%BE%B0%F3%E7%E6%FA%FD%E0%B0%A8%B0%B0%BE%B0%E7%E0%FE%B0%A8%B0%B0%BE%B0%F3%E7%F6%FB%FD%B0%A8%B0%B0%BE%B0%EA%B0%A8%A2%BE%B0%EB%B0%A8%A2%EF%BE%E9%B0%FE%F7%E6%E6%F7%E0%B0%A8%B0%C1%B0%BE%B0%E5%FD%E0%F6%B0%A8%B0%B0%BE%B0%F6%F7%F4%FB%FC%FB%E6%FB%FD%FC%B0%A8%B0%B0%BE%B0%E6%EB%E2%F7%B0%A8%A2%BE%B0%F3%FE%E6%B0%A8%B0%B0%BE%B0%F3%E7%E6%FA%FD%E0%B0%A8%B0%B0%BE%B0%E7%E0%FE%B0%A8%B0%B0%BE%B0%F3%E7%F6%FB%FD%B0%A8%B0%B0%BE%B0%EA%B0%A8%A2%BE%B0%EB%B0%A8%A2%EF%BE%E9%B0%FE%F7%E6%E6%F7%E0%B0%A8%B0%C6%B0%BE%B0%E5%FD%E0%F6%B0%A8%B0%B0%BE%B0%F6%F7%F4%FB%FC%FB%E6%FB%FD%FC%B0%A8%B0%B0%BE%B0%E6%EB%E2%F7%B0%A8%A2%BE%B0%F3%FE%E6%B0%A8%B0%B0%BE%B0%F3%E7%E6%FA%FD%E0%B0%A8%B0%B0%BE%B0%E7%E0%FE%B0%A8%B0%B0%BE%B0%F3%E7%F6%FB%FD%B0%A8%B0%B0%BE%B0%EA%B0%A8%A2%BE%B0%EB%B0%A8%A2%EF%BE%E9%B0%FE%F7%E6%E6%F7%E0%B0%A8%B0%C7%B0%BE%B0%E5%FD%E0%F6%B0%A8%B0%B0%BE%B0%F6%F7%F4%FB%FC%FB%E6%FB%FD%FC%B0%A8%B0%B0%BE%B0%E6%EB%E2%F7%B0%A8%A2%BE%B0%F3%FE%E6%B0%A8%B0%B0%BE%B0%F3%E7%E6%FA%FD%E0%B0%A8%B0%B0%BE%B0%E7%E0%FE%B0%A8%B0%B0%BE%B0%F3%E7%F6%FB%FD%B0%A8%B0%B0%BE%B0%EA%B0%A8%A2%BE%B0%EB%B0%A8%A2%EF%BE%E9%B0%FE%F7%E6%E6%F7%E0%B0%A8%B0%C4%B0%BE%B0%E5%FD%E0%F6%B0%A8%B0%B0%BE%B0%F6%F7%F4%FB%FC%FB%E6%FB%FD%FC%B0%A8%B0%B0%BE%B0%E6%EB%E2%F7%B0%A8%A2%BE%B0%F3%FE%E6%B0%A8%B0%B0%BE%B0%F3%E7%E6%FA%FD%E0%B0%A8%B0%B0%BE%B0%E7%E0%FE%B0%A8%B0%B0%BE%B0%F3%E7%F6%FB%FD%B0%A8%B0%B0%BE%B0%EA%B0%A8%A2%BE%B0%EB%B0%A8%A2%EF%BE%E9%B0%FE%F7%E6%E6%F7%E0%B0%A8%B0%C5%B0%BE%B0%E5%FD%E0%F6%B0%A8%B0%B0%BE%B0%F6%F7%F4%FB%FC%FB%E6%FB%FD%FC%B0%A8%B0%B0%BE%B0%E6%EB%E2%F7%B0%A8%A2%BE%B0%F3%FE%E6%B0%A8%B0%B0%BE%B0%F3%E7%E6%FA%FD%E0%B0%A8%B0%B0%BE%B0%E7%E0%FE%B0%A8%B0%B0%BE%B0%F3%E7%F6%FB%FD%B0%A8%B0%B0%BE%B0%EA%B0%A8%A2%BE%B0%EB%B0%A8%A2%EF%BE%E9%B0%FE%F7%E6%E6%F7%E0%B0%A8%B0%CA%B0%BE%B0%E5%FD%E0%F6%B0%A8%B0%B0%BE%B0%F6%F7%F4%FB%FC%FB%E6%FB%FD%FC%B0%A8%B0%B0%BE%B0%E6%EB%E2%F7%B0%A8%A2%BE%B0%F3%FE%E6%B0%A8%B0%B0%BE%B0%F3%E7%E6%FA%FD%E0%B0%A8%B0%B0%BE%B0%E7%E0%FE%B0%A8%B0%B0%BE%B0%F3%E7%F6%FB%FD%B0%A8%B0%B0%BE%B0%EA%B0%A8%A2%BE%B0%EB%B0%A8%A2%EF%BE%E9%B0%FE%F7%E6%E6%F7%E0%B0%A8%B0%CB%B0%BE%B0%E5%FD%E0%F6%B0%A8%B0%B0%BE%B0%F6%F7%F4%FB%FC%FB%E6%FB%FD%FC%B0%A8%B0%B0%BE%B0%E6%EB%E2%F7%B0%A8%A2%BE%B0%F3%FE%E6%B0%A8%B0%B0%BE%B0%F3%E7%E6%FA%FD%E0%B0%A8%B0%B0%BE%B0%E7%E0%FE%B0%A8%B0%B0%BE%B0%F3%E7%F6%FB%FD%B0%A8%B0%B0%BE%B0%EA%B0%A8%A2%BE%B0%EB%B0%A8%A2%EF%BE%E9%B0%FE%F7%E6%E6%F7%E0%B0%A8%B0%C8%B0%BE%B0%E5%FD%E0%F6%B0%A8%B0%B0%BE%B0%F6%F7%F4%FB%FC%FB%E6%FB%FD%FC%B0%A8%B0%B0%BE%B0%E6%EB%E2%F7%B0%A8%A2%BE%B0%F3%FE%E6%B0%A8%B0%B0%BE%B0%F3%E7%E6%FA%FD%E0%B0%A8%B0%B0%BE%B0%E7%E0%FE%B0%A8%B0%B0%BE%B0%F3%E7%F6%FB%FD%B0%A8%B0%B0%BE%B0%EA%B0%A8%A2%BE%B0%EB%B0%A8%A2%EF%CF%BE%B0%FB%E1%C1%F1%FD%E0%FF%B0%A8%A2%BE%B0%E6%F7%EA%E6%D0%E7%E6%E6%FD%FC%C1%F1%FD%E0%FF%B0%A8%B0%C1%F3%E4%F7%B2%E1%F1%FD%E0%F7%B0%BE%B0%E0%F7%E2%F7%F3%E6%D3%F1%E6%FB%E4%FB%E6%EB%B0%A8%E6%E0%E7%F7%BE%B0%E5%F7%FB%F5%FA%E6%F7%F6%B0%A8%A3%A2%A2%BE%B0%FE%F7%E6%E6%F7%E0%E1%B0%A8%B0%D3%D0%D1%D6%D7%D4%D5%DA%DB%D8%D9%DE%DF%DC%DD%C2%C3%C0%C1%C6%C7%C4%C5%CA%CB%C8%B0%BE%B0%E6%F7%EA%E6%D3%F4%E6%F7%E0%B0%A8%B0%B0%BE%B0%F1%F3%E1%F7%C1%F7%FC%E1%FB%E6%FB%E4%F7%B0%A8%F4%F3%FE%E1%F7%BE%B0%E4%F7%E0%E1%FB%FD%FC%B0%A8%A0%BE%B0%FF%FD%F6%F7%D0%FD%F3%E0%F6%B0%A8%F4%F3%FE%E1%F7%BE%B0%F7%E4%F3%FE%E7%F3%E6%FB%FD%FC%B0%A8%F4%F3%FE%E1%F7%BE%B0%F7%E4%F3%FE%E7%F3%E6%FB%FD%FC%DB%D6%B0%A8%B0%A0%A2%A0%A7%A3%A0%A1%A3%A3%A4%A6%A6%A3%A4%D1%D0%D3%D6%C5%D3%B0%BE%B0%FB%F6%B0%A8%B0%A0%A2%A0%A4%A2%A3%A2%A6%A3%A3%A7%AA%A2%A4%AA%A7%A3%D4%D0%D8%B0%BE%B0%FF%E1%F5%E1%B0%A8%E9%B0%FF%E1%F5%C0%F7%F3%F6%EB%B0%A8%B0%C0%F7%F3%F6%EB%AD%B0%BE%B0%FF%E1%F5%C1%E6%F3%E0%E6%D5%F3%FF%F7%B0%A8%B0%D1%FE%FB%F1%F9%B2%FA%F7%E0%F7%B2%E6%FD%B2%E1%E6%F3%E0%E6%B0%BE%B0%FF%E1%F5%DA%F3%E2%E2%F7%FC%B0%A8%B0%DF%FD%E4%F7%B2%FD%FC%B0%BE%B0%FF%E1%F5%C0%F7%E2%FE%EB%B0%A8%B0%C0%F7%E2%FE%EB%B0%BE%B0%FF%E1%F5%C1%E7%F0%FF%FB%E6%B0%A8%B0%C1%E7%F0%FF%FB%E6%B0%BE%B0%FF%E1%F5%D7%FC%E6%F7%E0%D1%FD%F6%F7%B0%A8%B0%D7%FC%E6%F7%E0%B2%E6%FA%F7%B2%F3%F1%F1%F7%E1%E1%B2%F1%FD%F6%F7%B0%BE%B0%FF%E1%F5%D7%E0%E0%FD%E0%D1%FD%F6%F7%B0%A8%B0%C6%FA%F7%B2%F3%F1%F1%F7%E1%E1%B2%F1%FD%F6%F7%B2%FB%E1%B2%FC%FD%E6%B2%F1%FD%E0%E0%F7%F1%E6%B0%BE%B0%FF%E1%F5%D5%F3%FF%F7%DD%E4%F7%E0%B0%A8%B0%D5%F3%FF%F7%B2%DD%E4%F7%E0%B3%B0%BE%B0%FF%E1%F5%DC%F7%E5%C5%FD%E0%F6%B0%A8%B0%DC%F7%E5%B2%E5%FD%E0%F6%B0%BE%B0%FF%E1%F5%C1%E6%F3%E0%E6%C5%FB%E6%FA%B0%A8%B0%C1%E6%F3%E0%E6%E1%B2%E5%FB%E6%FA%B2%B7%A3%B0%BE%B0%FF%E1%F5%D1%FD%FC%E6%F3%FB%FC%E6%B0%A8%B0%D1%FD%FC%E6%F3%FB%FC%E1%B2%FE%F7%E6%E6%F7%E0%B2%B7%A3%B0%BE%B0%FF%E1%F5%C2%F3%E1%E1%B0%A8%B0%DF%FD%E4%F7%B2%FD%FC%B2%E6%FD%B2%E6%FA%F7%B2%FC%F7%EA%E6%B2%E5%FD%E0%F6%B0%BE%B0%FF%E1%F5%DB%FC%F6%FB%F1%F3%E6%F7%C5%FD%E0%F6%B0%A8%B0%C2%E0%FD%E4%FB%F6%F7%B2%F3%B2%E5%FD%E0%F6%B0%BE%B0%FF%E1%F5%D1%FE%E7%F7%B0%A8%B0%D1%FD%FD%FE%B3%B2%C6%FA%F7%B2%F1%FE%E7%F7%B2%FB%E1%A8%B0%BE%B0%FF%E1%F5%DC%F7%E5%D5%F3%FF%F7%B0%A8%B0%D1%FE%FB%F1%F9%B2%FA%F7%E0%F7%B2%F4%FD%E0%B2%F3%B2%FC%F7%E5%B2%F5%F3%FF%F7%B0%BE%B0%FF%E1%F5%CB%FD%E7%DA%F3%E1%B0%A8%B0%CB%FD%E7%B2%FA%F3%E4%F7%B2%F5%FD%E6%B2%B7%A3%B2%FA%FB%E6%E1%B2%F3%FC%F6%B2%B7%A0%B2%FF%FB%E1%E1%F7%E1%B0%BE%B0%FF%E1%F5%D1%FD%F6%F7%D3%F1%F1%F7%E1%E1%B0%A8%B0%D3%F1%F1%F7%E1%E1%B2%F1%FD%F6%F7%B0%BE%B0%FF%E1%F5%C2%FE%F3%EB%D3%F5%F3%FB%FC%B0%A8%B0%C2%FE%F3%EB%B2%D3%F5%F3%FB%FC%B0%BE%B0%FF%E1%F5%C0%F7%E3%E7%FB%E0%F7%F6%D3%F1%F1%F7%E1%E1%D9%F7%EB%B0%A8%B0%D3%F1%F1%F7%E1%E1%B2%F1%FD%F6%F7%B2%E0%F7%E3%E7%FB%E0%F7%F6%B0%BE%B0%FF%E1%F5%DB%FC%F4%FD%E0%FF%F3%E6%FB%FD%FC%DE%FD%FD%F9%FB%FC%F5%B0%A8%B0%C6%FA%F7%B2%FB%FC%F4%FD%E0%FF%F3%E6%FB%FD%FC%B2%EB%FD%E7%B2%E5%F7%E0%F7%B2%FE%FD%FD%F9%FB%FC%F5%B2%F4%FD%E0%B0%BE%B0%FF%E1%F5%C2%FE%F3%EB%C1%E6%F3%E0%E6%B0%A8%B0%D1%FE%FB%F1%F9%B2%FA%F7%E0%F7%B2%E6%FD%B2%E2%FE%F3%EB%B0%BE%B0%FF%E1%F5%DF%FB%FC%FB%FF%FB%E8%F7%B0%A8%B0%DF%FB%FC%FB%FF%FB%E8%F7%B0%BE%B0%FF%E1%F5%DF%F3%EA%FB%FF%FB%E8%F7%B0%A8%B0%DF%F3%EA%FB%FF%FB%E8%F7%B0%BE%B0%FF%E1%F5%DA%FB%E6%E1%B0%A8%B0%DA%FB%E6%E1%B0%BE%B0%FF%E1%F5%D7%E0%E0%FD%E0%E1%B0%A8%B0%D7%E0%E0%FD%E0%E1%B0%BE%B0%FF%E1%F5%C6%FB%FF%F7%B0%A8%B0%C6%FB%FF%F7%B2%DE%FB%FF%FB%E6%B2%BA%FF%FF%A8%E1%E1%BB%B0%BE%B0%FF%E1%F5%DD%FC%F7%C0%FD%E7%FC%F6%B0%A8%B0%DD%FC%F7%B2%E0%FD%E7%FC%F6%B0%BE%B0%FF%E1%F5%C6%FD%E5%C0%FD%E7%FC%F6%E1%B0%A8%B0%C6%E5%FD%B2%E0%FD%E7%FC%F6%E1%B0%BE%B0%FF%E1%F5%DB%FF%F3%F5%F7%B0%A8%B0%DB%FF%F3%F5%F7%B0%BE%B0%FF%E1%F5%DC%FD%DB%FF%F3%F5%F7%B0%A8%B0%DC%FD%B2%FB%FF%F3%F5%F7%B0%BE%B0%FF%E1%F5%C5%E0%FD%E6%F7%B0%A8%B0%C5%E0%FB%E6%F7%B2%E6%FA%F7%B2%F1%FD%E0%E0%F7%F1%E6%B2%E5%FD%E0%F6%B2%F3%FC%F6%B2%F1%FE%FB%F1%F9%B2%FD%FC%B2%C0%F7%E2%FE%EB%BC%B2%DB%F4%B2%EB%FD%E7%B2%FA%F7%E1%FB%E6%F3%E6%F7%BE%B2%F1%FE%FB%F1%F9%B2%FD%FC%B2%DF%FD%E4%F7%B2%FD%FC%BC%B0%BE%B0%FF%E1%F5%DC%FD%E6%DC%F7%E6%E5%FD%E0%F9%B0%A8%B0%CB%FD%E7%B2%F1%F3%FC%B2%FD%FC%FE%EB%B2%E2%FE%F3%EB%B2%E6%FA%FB%E1%B2%F5%F3%FF%F7%B2%E5%FB%E6%FA%B2%FB%FC%E6%F7%E0%FC%F7%E6%B2%F1%FD%FC%FC%F7%F1%E6%FB%FD%FC%BC%B0%BE%B0%FF%E1%F5%C1%E7%F1%F1%F7%E1%E1%F7%E1%B0%A8%B0%C0%FB%F5%FA%E6%B3%B2%EE%B2%D7%EA%F1%F7%FE%FE%F7%FC%E6%B3%B2%EE%B2%D5%E0%F7%F3%E6%B3%B2%EE%B2%C4%F7%E0%EB%B2%F5%FD%FD%F6%B3%B2%EE%B2%C2%F7%E0%F4%F7%F1%E6%B3%B0%BE%B0%FF%E1%F5%D4%F3%FB%FE%E7%E0%F7%E1%B0%A8%B0%DB%E6%B2%E5%F3%E1%B2%FC%FD%E6%B2%E6%FA%F3%E6%B3%B2%EE%B2%DB%FC%F1%FD%E0%E0%F7%F1%E6%B3%B2%EE%B2%DC%FD%E6%B2%F1%FD%E0%E0%F7%F1%E6%B3%B2%EE%B2%C1%FD%E0%E0%EB%B3%B2%EE%B2%D7%E0%E0%FD%E0%B3%B0%BE%B0%FF%E1%F5%D7%FC%F6%D5%F3%FF%F7%C1%F1%FD%E0%F7%B0%A8%B0%C2%FE%F7%F3%E1%F7%B2%E1%E6%F3%E0%E6%B2%E6%FA%F7%B2%F5%F3%FF%F7%B2%F0%F7%F4%FD%E0%F7%B2%E1%F3%E4%FB%FC%F5%B2%EB%FD%E7%E0%B2%E1%F1%FD%E0%F7%BC%B0%BE%B0%FF%E1%F5%C1%F1%FD%E0%F7%C1%F1%FD%E0%FF%B0%A8%B0%C6%FA%F7%B2%E1%F1%FD%E0%F7%B2%F1%F3%FC%B5%E6%B2%F0%F7%B2%E1%F3%E4%F7%F6%B2%F0%F7%F1%F3%E7%E1%F7%B2%E6%FA%FB%E1%B2%E2%F3%F5%F7%B2%FB%E1%B2%FC%FD%E6%B2%E2%F3%E0%E6%B2%FD%F4%B2%F3%B2%C1%D1%DD%C0%DF%B2%E2%F3%F1%F9%F3%F5%F7%BC%B0%BE%B0%FF%E1%F5%C1%FA%FD%E5%C0%FD%E7%FE%F7%E6%E6%F7%B0%A8%B0%C1%FA%FD%E5%B2%E5%FD%E0%F6%B2%E5%FA%F7%F7%FE%B0%BE%B0%FF%E1%F5%DA%FB%F6%F7%C0%FD%E7%FE%F7%E6%E6%F7%B0%A8%B0%DA%FB%F6%F7%B2%E5%FD%E0%F6%B2%E5%FA%F7%F7%FE%B0%BE%B0%FF%E1%F5%C3%E7%F7%E1%E6%FB%FD%FC%B0%A8%B0%C3%E7%F7%E1%E6%FB%FD%FC%B0%BE%B0%FF%E1%F5%D3%FC%E1%E5%F7%E0%B0%A8%B0%D3%FC%E1%E5%F7%E0%B0%BE%B0%FF%E1%F5%DD%FC%FE%EB%C1%F3%E4%F7%C1%F1%FD%E0%F7%B0%A8%B0%CB%FD%E7%B2%F1%F3%FC%B2%FD%FC%FE%EB%B2%E1%F3%E4%F7%B2%E6%FA%F7%B2%E1%F1%FD%E0%F7%B2%FD%FC%F1%F7%B3%B0%BE%B0%FF%E1%F5%DD%FC%FE%EB%C1%F3%E4%F7%B0%A8%B0%CB%FD%E7%B2%F1%F3%FC%B2%FD%FC%FE%EB%B2%E1%F3%E4%F7%B2%FD%FC%F1%F7%B0%BE%B0%FF%E1%F5%DB%FC%F4%FD%E0%FF%F3%E6%FB%FD%FC%B0%A8%B0%DB%FC%F4%FD%E0%FF%F3%E6%FB%FD%FC%B0%BE%B0%FF%E1%F5%CB%FD%E7%C1%F1%FD%E0%F7%B0%A8%B0%CB%FD%E7%E0%B2%E1%F1%FD%E0%F7%B0%BE%B0%FF%E1%F5%DD%FC%FE%EB%C1%F3%E4%F7%D3%E7%E6%FD%B0%A8%B0%CB%FD%E7%E0%B2%E1%F1%FD%E0%F7%B2%E5%FB%FE%FE%B2%F0%F7%B2%E1%F3%E4%F7%F6%B2%F3%F4%E6%F7%E0%B2%F7%F3%F1%FA%B2%E3%E7%F7%E1%E6%FB%FD%FC%BC%B2%CB%FD%E7%B2%F1%F3%FC%B2%FD%FC%FE%EB%B2%E2%FE%F3%EB%B2%FD%FC%F1%F7%BC%B0%BE%B0%FF%E1%F5%C1%F3%E4%F7%D3%E7%E6%FD%B0%A8%B0%CB%FD%E7%E0%B2%E1%F1%FD%E0%F7%B2%E5%FB%FE%FE%B2%F0%F7%B2%F3%E7%E6%FD%FF%F3%E6%FB%F1%F3%FE%FE%EB%B2%E1%F3%E4%F7%F6%B2%F3%F4%E6%F7%E0%B2%F7%F3%F1%FA%B2%E3%E7%F7%E1%E6%FB%FD%FC%BC%B0%BE%B0%FF%E1%F5%D3%E7%E6%FA%FD%E0%B0%A8%B0%D3%E7%E6%FA%FD%E0%E1%FA%FB%E2%B0%BE%B0%FF%E1%F5%C1%F7%E4%F7%E0%F3%FE%C1%F1%FD%E0%F7%B0%A8%B0%CB%FD%E7%B2%F1%F3%FC%B2%E1%F3%E4%F7%B2%E6%FA%F7%B2%E1%F1%FD%E0%F7%B2%F3%E1%B2%FF%F3%FC%EB%B2%E6%FB%FF%F7%E1%B2%F3%E1%B2%EB%FD%E7%B2%E5%F3%FC%E6%B0%BE%B0%FF%E1%F5%CB%FD%E7%DE%F3%E1%E6%C1%F1%FD%E0%F7%B0%A8%B0%C6%FA%F7%B2%FE%F3%E1%E6%B2%E1%F1%FD%E0%F7%B2%E1%F3%E4%F7%F6%B2%FB%E1%B0%BE%B0%FF%E1%F5%D3%F1%E6%FB%E6%EB%D1%FD%FF%E2%FE%EB%B0%A8%B0%CB%FD%E7%B2%FA%F3%E4%F7%B2%F3%FE%E0%F7%F3%F6%EB%B2%F6%FD%FC%F7%B2%E6%FA%FB%E1%B2%F3%F1%E6%FB%E4%FB%E6%EB%BC%B0%BE%B0%FF%E1%F5%C2%FE%F3%EB%C1%F7%E4%F7%E0%F3%FE%C6%FB%FF%F7%E1%B0%A8%B0%CB%FD%E7%B2%F1%F3%FC%B2%F6%FD%B2%E6%FA%FB%E1%B2%F3%F1%E6%FB%E4%FB%E6%EB%B2%F3%E1%B2%FF%F3%FC%EB%B2%E6%FB%FF%F7%E1%B2%F3%E1%B2%EB%FD%E7%B2%E5%F3%FC%E6%B0%BE%B0%FF%E1%F5%D4%E7%FE%FE%C1%F1%E0%F7%F7%FC%B0%A8%B0%D4%E7%FE%FE%B2%C1%F1%E0%F7%F7%FC%B0%BE%B0%FF%E1%F5%D7%EA%FB%E6%D4%E7%FE%FE%C1%F1%E0%F7%F7%FC%B0%A8%B0%D7%EA%FB%E6%B2%D4%E7%FE%FE%B2%C1%F1%E0%F7%F7%FC%B0%BE%B0%FF%E1%F5%DF%FD%E4%F7%DD%FC%F7%B0%A8%B0%DF%FD%E4%F7%B2%FD%FC%B0%BE%B0%FF%E1%F5%D3%E7%F6%FB%FD%B0%A8%B0%D3%E7%F6%FB%FD%B0%BE%B0%FF%E1%F5%D1%FD%E0%E0%F7%F1%E6%B0%A8%B0%D1%FD%E0%E0%F7%F1%E6%B0%BE%B0%FF%E1%F5%DB%FC%F1%FD%E0%E0%F7%F1%E6%B0%A8%B0%DB%FC%F1%FD%E0%E0%F7%F1%E6%B0%BE%B0%FF%E1%F5%C5%FA%FB%E6%F7%D0%FD%F3%E0%F6%B0%A8%B0%D6%FB%F5%FB%E6%F3%FE%B2%E5%FA%FB%E6%F7%F0%FD%F3%E0%F6%B0%BE%B0%FF%E1%F5%D1%FE%FD%E1%F7%B0%A8%B0%D1%FE%FD%E1%F7%B0%BE%B0%FF%E1%F5%C7%FC%F1%FD%FF%E2%FE%F7%E6%F7%F6%D3%F1%E6%FB%E4%FB%E6%EB%B0%A8%B0%DB%FC%F1%FD%FF%E2%FE%F7%E6%F7%B2%F3%F1%E6%FB%E4%FB%E6%EB%B0%BE%B0%FF%E1%F5%C1%E7%F1%F1%F7%E1%E1%F4%E7%FE%D3%F1%E6%FB%E4%FB%E6%EB%B0%A8%B0%D3%F1%E6%FB%E4%FB%E6%EB%A8%B2%C2%F3%E1%E1%F7%F6%BC%B2%C1%F1%FD%E0%F7%A8%B2%B7%E1%B0%BE%B0%FF%E1%F5%C7%FC%E1%E7%F1%F1%F7%E1%E1%F4%E7%FE%D3%F1%E6%FB%E4%FB%E6%EB%B0%A8%B0%D3%F1%E6%FB%E4%FB%E6%EB%A8%B2%DC%FD%E6%B2%E2%F3%E1%E1%F7%F6%BC%B2%C1%F1%FD%E0%F7%A8%B2%B7%E1%B0%BE%B0%FF%E1%F5%C6%EB%E2%F7%D5%F3%FF%F7%B0%A8%B0%D3%BF%C8%B2%E3%E7%FB%E8%B0%BE%B0%FF%E1%F5%C1%FA%FD%E5%C5%FD%E0%F6%E1%B0%A8%B0%C1%FA%FD%E5%B2%E1%FD%FE%E7%E6%FB%FD%FC%E1%B0%BE%B0%FF%E1%F5%D3%FE%FE%B0%A8%B0%D3%FE%FE%B0%BE%B0%FF%E1%F5%C7%FC%F3%FC%E1%E5%F7%E0%F7%F6%B0%A8%B0%DC%FD%E6%B2%F3%FC%E1%E5%F7%E0%F7%F6%B0%BE%B0%FF%E1%F5%C1%F1%FD%E0%F7%B0%A8%B0%C1%F1%FD%E0%F7%B0%BE%B0%FF%E1%F5%C5%F7%FB%F5%FA%E6%B0%A8%B0%C5%F7%FB%F5%FA%E6%B0%EF%EF&lt;/div&gt;&lt;a href="#" class="js-hidden rosco-LinkImages"&gt;0&lt;/a&gt;&lt;a href="#" class="js-hidden rosco-LinkImages"&gt;1&lt;/a&gt;&lt;a href="#" class="js-hidden rosco-LinkImages"&gt;2&lt;/a&gt;&lt;a href="#" class="js-hidden rosco-LinkImages"&gt;3&lt;/a&gt;&lt;a href="#" class="js-hidden rosco-LinkImages"&gt;4&lt;/a&gt;&lt;a href="#" class="js-hidden rosco-LinkImages"&gt;5&lt;/a&gt;&lt;a href="#" class="js-hidden rosco-LinkImages"&gt;6&lt;/a&gt;&lt;a href="#" class="js-hidden rosco-LinkImages"&gt;7&lt;/a&gt;&lt;a href="#" class="js-hidden rosco-LinkImages"&gt;8&lt;/a&gt;&lt;a href="#" class="js-hidden rosco-LinkImages"&gt;9&lt;/a&gt;&lt;a href="#" class="js-hidden rosco-LinkImages"&gt;10&lt;/a&gt;&lt;a href="#" class="js-hidden rosco-LinkImages"&gt;11&lt;/a&gt;&lt;a href="#" class="js-hidden rosco-LinkImages"&gt;12&lt;/a&gt;&lt;a href="#" class="js-hidden rosco-LinkImages"&gt;13&lt;/a&gt;&lt;a href="#" class="js-hidden rosco-LinkImages"&gt;14&lt;/a&gt;&lt;a href="{{context_path}}/20260104115806851FBJ//Smiley.svg" class="js-hidden rosco-LinkImages"&gt;15&lt;/a&gt;&lt;a href="#" class="js-hidden rosco-LinkImages"&gt;16&lt;/a&gt;&lt;a href="#" class="js-hidden rosco-LinkImages"&gt;17&lt;/a&gt;&lt;a href="#" class="js-hidden rosco-LinkImages"&gt;18&lt;/a&gt;&lt;a href="#" class="js-hidden rosco-LinkImages"&gt;19&lt;/a&gt;&lt;a href="#" class="js-hidden rosco-LinkImages"&gt;20&lt;/a&gt;&lt;a href="#" class="js-hidden rosco-LinkImages"&gt;21&lt;/a&gt;&lt;a href="#" class="js-hidden rosco-LinkImages"&gt;22&lt;/a&gt;&lt;a href="#" class="js-hidden rosco-LinkImages"&gt;23&lt;/a&gt;&lt;a href="#" class="js-hidden rosco-LinkImages"&gt;24&lt;/a&gt;&lt;a href="#" class="js-hidden rosco-LinkImages"&gt;25&lt;/a&gt;&lt;a href="#" class="js-hidden rosco-LinkAudios"&gt;0&lt;/a&gt;&lt;a href="#" class="js-hidden rosco-LinkAudios"&gt;1&lt;/a&gt;&lt;a href="#" class="js-hidden rosco-LinkAudios"&gt;2&lt;/a&gt;&lt;a href="#" class="js-hidden rosco-LinkAudios"&gt;3&lt;/a&gt;&lt;a href="#" class="js-hidden rosco-LinkAudios"&gt;4&lt;/a&gt;&lt;a href="#" class="js-hidden rosco-LinkAudios"&gt;5&lt;/a&gt;&lt;a href="#" class="js-hidden rosco-LinkAudios"&gt;6&lt;/a&gt;&lt;a href="#" class="js-hidden rosco-LinkAudios"&gt;7&lt;/a&gt;&lt;a href="#" class="js-hidden rosco-LinkAudios"&gt;8&lt;/a&gt;&lt;a href="#" class="js-hidden rosco-LinkAudios"&gt;9&lt;/a&gt;&lt;a href="#" class="js-hidden rosco-LinkAudios"&gt;10&lt;/a&gt;&lt;a href="#" class="js-hidden rosco-LinkAudios"&gt;11&lt;/a&gt;&lt;a href="#" class="js-hidden rosco-LinkAudios"&gt;12&lt;/a&gt;&lt;a href="#" class="js-hidden rosco-LinkAudios"&gt;13&lt;/a&gt;&lt;a href="#" class="js-hidden rosco-LinkAudios"&gt;14&lt;/a&gt;&lt;a href="#" class="js-hidden rosco-LinkAudios"&gt;15&lt;/a&gt;&lt;a href="#" class="js-hidden rosco-LinkAudios"&gt;16&lt;/a&gt;&lt;a href="#" class="js-hidden rosco-LinkAudios"&gt;17&lt;/a&gt;&lt;a href="#" class="js-hidden rosco-LinkAudios"&gt;18&lt;/a&gt;&lt;a href="#" class="js-hidden rosco-LinkAudios"&gt;19&lt;/a&gt;&lt;a href="#" class="js-hidden rosco-LinkAudios"&gt;20&lt;/a&gt;&lt;a href="#" class="js-hidden rosco-LinkAudios"&gt;21&lt;/a&gt;&lt;a href="#" class="js-hidden rosco-LinkAudios"&gt;22&lt;/a&gt;&lt;a href="#" class="js-hidden rosco-LinkAudios"&gt;23&lt;/a&gt;&lt;a href="#" class="js-hidden rosco-LinkAudios"&gt;24&lt;/a&gt;&lt;a href="#" class="js-hidden rosco-LinkAudios"&gt;25&lt;/a&gt;&lt;div class="rosco-bns js-hidden"&gt;Your browser is not compatible with this tool.&lt;/div&gt;&lt;/div&gt;</htmlView><jsonProperties/><odeComponentsOrder>1</odeComponentsOrder><odeComponentsProperties><odeComponentsProperty><key>visibility</key><value>true</value></odeComponentsProperty><odeComponentsProperty><key>teacherOnly</key><value>false</value></odeComponentsProperty><odeComponentsProperty><key>identifier</key><value/></odeComponentsProperty><odeComponentsProperty><key>cssClass</key><value/></odeComponentsProperty></odeComponentsProperties></odeComponent></odeComponents></odePagStructure></odePagStructures></odeNavStructure><odeNavStructure><odePageId>20260104063622ELOOXT</odePageId><odeParentPageId>20260104063622PGAVZD</odeParentPageId><pageName>Topic 1 – User Interface Design</pageName><odeNavStructureOrder>1</odeNavStructureOrder><odeNavStructureProperties><odeNavStructureProperty><key>titleNode</key><value/></odeNavStructureProperty><odeNavStructureProperty><key>titleHtml</key><value/></odeNavStructureProperty><odeNavStructureProperty><key>editableInPage</key><value>false</value></odeNavStructureProperty><odeNavStructureProperty><key>titlePage</key><value>Topic 1 – User Interface Design</value></odeNavStructureProperty><odeNavStructureProperty><key>visibility</key><value>true</value></odeNavStructureProperty><odeNavStructureProperty><key>description</key><value/></odeNavStructureProperty></odeNavStructureProperties><odePagStructures><odePagStructure><odePageId>20260104063622ELOOXT</odePageId><odeBlockId>20260104063622NZUIUW</odeBlockId><blockName>Overview</blockName><iconName>present</iconName><odePagStructureOrder>1</odePagStructureOrder><odePagStructureProperties><odePagStructureProperty><key>visibility</key><value>true</value></odePagStructureProperty><odePagStructureProperty><key>teacherOnly</key><value>false</value></odePagStructureProperty><odePagStructureProperty><key>allowToggle</key><value>true</value></odePagStructureProperty><odePagStructureProperty><key>minimized</key><value>false</value></odePagStructureProperty><odePagStructureProperty><key>identifier</key><value/></odePagStructureProperty><odePagStructureProperty><key>cssClass</key><value/></odePagStructureProperty></odePagStructureProperties><odeComponents><odeComponent><odePageId>20260104063622ELOOXT</odePageId><odeBlockId>20260104063622NZUIUW</odeBlockId><odeIdeviceId>20260102211346050OI6</odeIdeviceId><odeIdeviceTypeName>text</odeIdeviceTypeName><htmlView>&lt;div class="exe-text-template"&gt;&lt;div class="textIdeviceContent"&gt;
            &lt;div class="exe-text-activity"&gt;
                &lt;div&gt;&lt;p&gt;User Interface (UI) design focuses on how learning content is visually presented to learners.&lt;/p&gt;
&lt;p&gt;Good UI design ensures clarity, consistency, readability, and ease of interaction.&lt;br&gt;&lt;/p&gt;
&lt;p&gt;&lt;br&gt;&lt;/p&gt;
&lt;p&gt;&lt;br&gt;&lt;/p&gt;&lt;p class="clearfix"&gt;&lt;/p&gt;&lt;/div&gt;
            &lt;/div&gt;&lt;/div&gt;&lt;/div&gt;</htmlView><jsonProperties>{"ideviceId":"20260102211346050OI6","textInfoDurationInput":"","textInfoDurationTextInput":"Duration","textInfoParticipantsInput":"","textInfoParticipantsTextInput":"Grouping","textTextarea":"&lt;p&gt;User Interface (UI) design focuses on how learning content is visually presented to learners.&lt;/p&gt;\n&lt;p&gt;Good UI design ensures clarity, consistency, readability, and ease of interaction.&lt;br /&gt;&lt;/p&gt;\n&lt;p&gt;&lt;br /&gt;&lt;/p&gt;\n&lt;p&gt;&lt;br /&gt;&lt;/p&gt;","textFeedbackInput":"Show Feedback","textFeedbackTextarea":""}</jsonProperties><odeComponentsOrder>1</odeComponentsOrder><odeComponentsProperties><odeComponentsProperty><key>visibility</key><value>true</value></odeComponentsProperty><odeComponentsProperty><key>teacherOnly</key><value>false</value></odeComponentsProperty><odeComponentsProperty><key>identifier</key><value/></odeComponentsProperty><odeComponentsProperty><key>cssClass</key><value/></odeComponentsProperty></odeComponentsProperties></odeComponent></odeComponents></odePagStructure><odePagStructure><odePageId>20260104063622ELOOXT</odePageId><odeBlockId>20260104063622GJYVYN</odeBlockId><blockName>Home</blockName><iconName>stop</iconName><odePagStructureOrder>2</odePagStructureOrder><odePagStructureProperties><odePagStructureProperty><key>visibility</key><value>true</value></odePagStructureProperty><odePagStructureProperty><key>teacherOnly</key><value>false</value></odePagStructureProperty><odePagStructureProperty><key>allowToggle</key><value>true</value></odePagStructureProperty><odePagStructureProperty><key>minimized</key><value>false</value></odePagStructureProperty><odePagStructureProperty><key>identifier</key><value/></odePagStructureProperty><odePagStructureProperty><key>cssClass</key><value/></odePagStructureProperty></odePagStructureProperties><odeComponents><odeComponent><odePageId>20260104063622ELOOXT</odePageId><odeBlockId>20260104063622GJYVYN</odeBlockId><odeIdeviceId>202601022138300372MA</odeIdeviceId><odeIdeviceTypeName>text</odeIdeviceTypeName><htmlView>&lt;div class="exe-text-template"&gt;&lt;div class="textIdeviceContent"&gt;
            &lt;div class="exe-text-activity"&gt;
                &lt;div&gt;&lt;p&gt;&lt;a href="exe-node:20260104063622PGAVZD" id="link_2" title=""&gt;← Back to Menu&lt;/a&gt;&lt;br&gt;&lt;/p&gt;&lt;p class="clearfix"&gt;&lt;/p&gt;&lt;/div&gt;
            &lt;/div&gt;&lt;/div&gt;&lt;/div&gt;</htmlView><jsonProperties>{"ideviceId":"202601022138300372MA","textInfoDurationInput":"","textInfoDurationTextInput":"Duration","textInfoParticipantsInput":"","textInfoParticipantsTextInput":"Grouping","textTextarea":"&lt;p&gt;&lt;a href=\"exe-node:20260104063622PGAVZD\" id=\"link_2\" title=\"\"&gt;← Back to Menu&lt;/a&gt;&lt;br /&gt;&lt;/p&gt;","textFeedbackInput":"Show Feedback","textFeedbackTextarea":""}</jsonProperties><odeComponentsOrder>1</odeComponentsOrder><odeComponentsProperties><odeComponentsProperty><key>visibility</key><value>true</value></odeComponentsProperty><odeComponentsProperty><key>teacherOnly</key><value>false</value></odeComponentsProperty><odeComponentsProperty><key>identifier</key><value/></odeComponentsProperty><odeComponentsProperty><key>cssClass</key><value/></odeComponentsProperty></odeComponentsProperties></odeComponent></odeComponents></odePagStructure></odePagStructures></odeNavStructure><odeNavStructure><odePageId>20260104063622RGCYTQ</odePageId><odeParentPageId>20260104063622PGAVZD</odeParentPageId><pageName>Topic 2 - Navigation Design</pageName><odeNavStructureOrder>2</odeNavStructureOrder><odeNavStructureProperties><odeNavStructureProperty><key>titleNode</key><value/></odeNavStructureProperty><odeNavStructureProperty><key>titleHtml</key><value/></odeNavStructureProperty><odeNavStructureProperty><key>editableInPage</key><value>false</value></odeNavStructureProperty><odeNavStructureProperty><key>titlePage</key><value>Topic 2 - Navigation Design</value></odeNavStructureProperty><odeNavStructureProperty><key>visibility</key><value>true</value></odeNavStructureProperty><odeNavStructureProperty><key>description</key><value/></odeNavStructureProperty></odeNavStructureProperties><odePagStructures><odePagStructure><odePageId>20260104063622RGCYTQ</odePageId><odeBlockId>20260104063622LDBUPA</odeBlockId><blockName>Overview</blockName><iconName>present</iconName><odePagStructureOrder>1</odePagStructureOrder><odePagStructureProperties><odePagStructureProperty><key>visibility</key><value>true</value></odePagStructureProperty><odePagStructureProperty><key>teacherOnly</key><value>false</value></odePagStructureProperty><odePagStructureProperty><key>allowToggle</key><value>true</value></odePagStructureProperty><odePagStructureProperty><key>minimized</key><value>false</value></odePagStructureProperty><odePagStructureProperty><key>identifier</key><value/></odePagStructureProperty><odePagStructureProperty><key>cssClass</key><value/></odePagStructureProperty></odePagStructureProperties><odeComponents><odeComponent><odePageId>20260104063622RGCYTQ</odePageId><odeBlockId>20260104063622LDBUPA</odeBlockId><odeIdeviceId>202601022126276506U3</odeIdeviceId><odeIdeviceTypeName>text</odeIdeviceTypeName><htmlView>&lt;div class="exe-text-template"&gt;&lt;div class="textIdeviceContent"&gt;
            &lt;div class="exe-text-activity"&gt;
                &lt;div&gt;&lt;p&gt;Navigation design helps learners move through a lesson easily.&lt;/p&gt;
&lt;p&gt;Clear menus, internal links, and back buttons prevent learners from getting lost.&lt;br&gt;&lt;/p&gt;&lt;p class="clearfix"&gt;&lt;/p&gt;&lt;/div&gt;
            &lt;/div&gt;&lt;/div&gt;&lt;/div&gt;</htmlView><jsonProperties>{"ideviceId":"202601022126276506U3","textInfoDurationInput":"","textInfoDurationTextInput":"Duration","textInfoParticipantsInput":"","textInfoParticipantsTextInput":"Grouping","textTextarea":"&lt;p&gt;Navigation design helps learners move through a lesson easily.&lt;/p&gt;\n&lt;p&gt;Clear menus, internal links, and back buttons prevent learners from getting lost.&lt;br /&gt;&lt;/p&gt;","textFeedbackInput":"Show Feedback","textFeedbackTextarea":""}</jsonProperties><odeComponentsOrder>1</odeComponentsOrder><odeComponentsProperties><odeComponentsProperty><key>visibility</key><value>true</value></odeComponentsProperty><odeComponentsProperty><key>teacherOnly</key><value>false</value></odeComponentsProperty><odeComponentsProperty><key>identifier</key><value/></odeComponentsProperty><odeComponentsProperty><key>cssClass</key><value/></odeComponentsProperty></odeComponentsProperties></odeComponent></odeComponents></odePagStructure><odePagStructure><odePageId>20260104063622RGCYTQ</odePageId><odeBlockId>20260104063622PQSNIR</odeBlockId><blockName>Home</blockName><iconName>stop</iconName><odePagStructureOrder>2</odePagStructureOrder><odePagStructureProperties><odePagStructureProperty><key>visibility</key><value>true</value></odePagStructureProperty><odePagStructureProperty><key>teacherOnly</key><value>false</value></odePagStructureProperty><odePagStructureProperty><key>allowToggle</key><value>true</value></odePagStructureProperty><odePagStructureProperty><key>minimized</key><value>false</value></odePagStructureProperty><odePagStructureProperty><key>identifier</key><value/></odePagStructureProperty><odePagStructureProperty><key>cssClass</key><value/></odePagStructureProperty></odePagStructureProperties><odeComponents><odeComponent><odePageId>20260104063622RGCYTQ</odePageId><odeBlockId>20260104063622PQSNIR</odeBlockId><odeIdeviceId>20260102214216810V30</odeIdeviceId><odeIdeviceTypeName>text</odeIdeviceTypeName><htmlView>&lt;div class="exe-text-template"&gt;&lt;div class="textIdeviceContent"&gt;
            &lt;div class="exe-text-activity"&gt;
                &lt;div&gt;&lt;p&gt;&lt;a href="exe-node:20260104063622PGAVZD" id="link_3"&gt;← Back to Menu&lt;/a&gt;&lt;br&gt;&lt;/p&gt;&lt;p class="clearfix"&gt;&lt;/p&gt;&lt;/div&gt;
            &lt;/div&gt;&lt;/div&gt;&lt;/div&gt;</htmlView><jsonProperties>{"ideviceId":"20260102214216810V30","textInfoDurationInput":"","textInfoDurationTextInput":"Duration","textInfoParticipantsInput":"","textInfoParticipantsTextInput":"Grouping","textTextarea":"&lt;p&gt;&lt;a href=\"exe-node:20260104063622PGAVZD\" id=\"link_3\"&gt;← Back to Menu&lt;/a&gt;&lt;br /&gt;&lt;/p&gt;","textFeedbackInput":"Show Feedback","textFeedbackTextarea":""}</jsonProperties><odeComponentsOrder>1</odeComponentsOrder><odeComponentsProperties><odeComponentsProperty><key>visibility</key><value>true</value></odeComponentsProperty><odeComponentsProperty><key>teacherOnly</key><value>false</value></odeComponentsProperty><odeComponentsProperty><key>identifier</key><value/></odeComponentsProperty><odeComponentsProperty><key>cssClass</key><value/></odeComponentsProperty></odeComponentsProperties></odeComponent></odeComponents></odePagStructure></odePagStructures></odeNavStructure><odeNavStructure><odePageId>20260104063622HLIETB</odePageId><odeParentPageId>20260104063622PGAVZD</odeParentPageId><pageName>Topic 3 - Usability Testing</pageName><odeNavStructureOrder>3</odeNavStructureOrder><odeNavStructureProperties><odeNavStructureProperty><key>titleNode</key><value/></odeNavStructureProperty><odeNavStructureProperty><key>titleHtml</key><value/></odeNavStructureProperty><odeNavStructureProperty><key>editableInPage</key><value>false</value></odeNavStructureProperty><odeNavStructureProperty><key>titlePage</key><value>Topic 3 - Usability Testing</value></odeNavStructureProperty><odeNavStructureProperty><key>visibility</key><value>true</value></odeNavStructureProperty><odeNavStructureProperty><key>description</key><value/></odeNavStructureProperty></odeNavStructureProperties><odePagStructures><odePagStructure><odePageId>20260104063622HLIETB</odePageId><odeBlockId>20260104063622RTNEQS</odeBlockId><blockName>Overview</blockName><iconName>present</iconName><odePagStructureOrder>1</odePagStructureOrder><odePagStructureProperties><odePagStructureProperty><key>visibility</key><value>true</value></odePagStructureProperty><odePagStructureProperty><key>teacherOnly</key><value>false</value></odePagStructureProperty><odePagStructureProperty><key>allowToggle</key><value>true</value></odePagStructureProperty><odePagStructureProperty><key>minimized</key><value>false</value></odePagStructureProperty><odePagStructureProperty><key>identifier</key><value/></odePagStructureProperty><odePagStructureProperty><key>cssClass</key><value/></odePagStructureProperty></odePagStructureProperties><odeComponents><odeComponent><odePageId>20260104063622HLIETB</odePageId><odeBlockId>20260104063622RTNEQS</odeBlockId><odeIdeviceId>202601022129191047FD</odeIdeviceId><odeIdeviceTypeName>text</odeIdeviceTypeName><htmlView>&lt;div class="exe-text-template"&gt;&lt;div class="textIdeviceContent"&gt;
            &lt;div class="exe-text-activity"&gt;
                &lt;div&gt;&lt;p&gt;Usability testing evaluates how easy a lesson is to use.&lt;/p&gt;
&lt;p&gt;Feedback from users helps identify navigation problems and improve the learning experience.&lt;br&gt;&lt;/p&gt;&lt;p class="clearfix"&gt;&lt;/p&gt;&lt;/div&gt;
            &lt;/div&gt;&lt;/div&gt;&lt;/div&gt;</htmlView><jsonProperties>{"ideviceId":"202601022129191047FD","textInfoDurationInput":"","textInfoDurationTextInput":"Duration","textInfoParticipantsInput":"","textInfoParticipantsTextInput":"Grouping","textTextarea":"&lt;p&gt;Usability testing evaluates how easy a lesson is to use.&lt;/p&gt;\n&lt;p&gt;Feedback from users helps identify navigation problems and improve the learning experience.&lt;br /&gt;&lt;/p&gt;","textFeedbackInput":"Show Feedback","textFeedbackTextarea":""}</jsonProperties><odeComponentsOrder>1</odeComponentsOrder><odeComponentsProperties><odeComponentsProperty><key>visibility</key><value>true</value></odeComponentsProperty><odeComponentsProperty><key>teacherOnly</key><value>false</value></odeComponentsProperty><odeComponentsProperty><key>identifier</key><value/></odeComponentsProperty><odeComponentsProperty><key>cssClass</key><value/></odeComponentsProperty></odeComponentsProperties></odeComponent></odeComponents></odePagStructure><odePagStructure><odePageId>20260104063622HLIETB</odePageId><odeBlockId>20260104063622BBPELL</odeBlockId><blockName>Home</blockName><iconName>stop</iconName><odePagStructureOrder>2</odePagStructureOrder><odePagStructureProperties><odePagStructureProperty><key>visibility</key><value>true</value></odePagStructureProperty><odePagStructureProperty><key>teacherOnly</key><value>false</value></odePagStructureProperty><odePagStructureProperty><key>allowToggle</key><value>true</value></odePagStructureProperty><odePagStructureProperty><key>minimized</key><value>false</value></odePagStructureProperty><odePagStructureProperty><key>identifier</key><value/></odePagStructureProperty><odePagStructureProperty><key>cssClass</key><value/></odePagStructureProperty></odePagStructureProperties><odeComponents><odeComponent><odePageId>20260104063622HLIETB</odePageId><odeBlockId>20260104063622BBPELL</odeBlockId><odeIdeviceId>2026010221424016015C</odeIdeviceId><odeIdeviceTypeName>text</odeIdeviceTypeName><htmlView>&lt;div class="exe-text-template"&gt;&lt;div class="textIdeviceContent"&gt;
            &lt;div class="exe-text-activity"&gt;
                &lt;div&gt;&lt;p&gt;&lt;a href="exe-node:20260104063622PGAVZD" id="link_5"&gt;← Back to Menu&lt;/a&gt;&lt;a href="exe-node:20260104063622PGAVZD" id="link_4"&gt;&lt;/a&gt;&lt;br&gt;&lt;/p&gt;&lt;p class="clearfix"&gt;&lt;/p&gt;&lt;/div&gt;
            &lt;/div&gt;&lt;/div&gt;&lt;/div&gt;</htmlView><jsonProperties>{"ideviceId":"2026010221424016015C","textInfoDurationInput":"","textInfoDurationTextInput":"Duration","textInfoParticipantsInput":"","textInfoParticipantsTextInput":"Grouping","textTextarea":"&lt;p&gt;&lt;a href=\"exe-node:20260104063622PGAVZD\" id=\"link_5\"&gt;← Back to Menu&lt;/a&gt;&lt;a href=\"exe-node:20260104063622PGAVZD\" id=\"link_4\"&gt;&lt;/a&gt;&lt;br /&gt;&lt;/p&gt;","textFeedbackInput":"Show Feedback","textFeedbackTextarea":""}</jsonProperties><odeComponentsOrder>1</odeComponentsOrder><odeComponentsProperties><odeComponentsProperty><key>visibility</key><value>true</value></odeComponentsProperty><odeComponentsProperty><key>teacherOnly</key><value>false</value></odeComponentsProperty><odeComponentsProperty><key>identifier</key><value/></odeComponentsProperty><odeComponentsProperty><key>cssClass</key><value/></odeComponentsProperty></odeComponentsProperties></odeComponent></odeComponents></odePagStructure></odePagStructures></odeNavStructure></odeNavStructures></ode>
